{"cameraMode":{"drawMode":0,"name":"Shaded","section":"Shading Mode"},"sceneLighting":false,"audioPlay":false,"sceneViewState":{"showFog":true,"showMaterialUpdate":false,"showSkybox":false,"showFlares":true,"showImageEffects":true,"showParticleSystems":true},"in2DMode":false,"pivot":{"x":-1.8795602321624756,"y":-0.09454533457756043,"z":-9.157017707824707},"rotation":{"x":-0.046718817204236987,"y":-0.9479640126228333,"z":0.16516709327697755,"w":-0.2681877911090851},"size":9.877816200256348,"orthographic":false}